Email,Name_First,Name_Last,Address_L1,Address_L2,Address_Country,Address_City,Address_Postal_Code,Phone,Password
DANI@123.com,Dani,Cohen,Horashim 5,null,Kenya,Kiryat Shmona,1234,526387465,872416
BAR@RFT23.com,Bar,Dadon,Beer 3,null,Spain,Ganei Tikva,2345,273692735,73568
ROMI@ERT3.com,Romi,Cohen,Bavli 8,null,Iran,Yokneam,3456,374628374,87138
ALON@123.com,Alon,Gal,Gesher 34,null,United Kingdom,Kiryat Shmona,4567,987876475,728647
ADI@1997.com,Adi,Akriv,Hvradim 8,null,Italy,Ganei Tikva,4567,564732456,18742
MAYA@1996.com,Maya,Adar,Timna 123,null,India,Yokneam,5678,786487656,82746137
